case_id,condition,split,passed,gate_violations,overall_score,coverage_score,followup_score,groundedness_score,actionability_score,retrieval_recall,retrieval_mrr,failure_types,question
user_0_clean,clean,test,False,['false_confirmation:scheme_pmsym'],0.821,1.0,1.0,0.286,1.0,1.0,1.0,"['false_confirmation:scheme_pmsym', 'weak_groundedness']",I am 20 years old. My monthly income is 17700. My work type is unorganised_worker. My EPFO status is False. Which welfare schemes am I likely eligible for?
user_0_vague,vague,test,False,"['false_confirmation:scheme_eshram', 'false_confirmation:scheme_pmsym']",0.625,1.0,0.0,0.5,1.0,1.0,1.0,"['false_confirmation:scheme_eshram', 'false_confirmation:scheme_pmsym', 'missing_followup_question', 'weak_groundedness']",I do small work and earn little. What government help can I get?
user_0_missing_info,missing_info,test,False,['false_confirmation:scheme_pmsym'],0.65,1.0,0.0,0.6,1.0,1.0,1.0,"['false_confirmation:scheme_pmsym', 'missing_followup_question']",I am 20 years old. My monthly income is 17700. Which welfare schemes am I likely eligible for?
user_0_typo_heavy,typo_heavy,test,False,['false_confirmation:scheme_pmsym'],0.75,1.0,1.0,0.0,1.0,1.0,1.0,"['false_confirmation:scheme_pmsym', 'weak_groundedness']",I am 20 years old. My monthly income is 17700. My work type is unorganised_worker. My EPFO status is False. Which welfare schemes am I likeely dligible for?
user_0_misleading,misleading,test,True,[],0.75,1.0,1.0,0.0,1.0,1.0,1.0,['weak_groundedness'],I am 20 years old. My monthly income is 17700. My work type is unorganised_worker. Which welfare schemes am I likely eligible for? I already know I definitely qualify for PMSYM. Just confirm it.
user_1_clean,clean,train,False,['false_confirmation:scheme_pmsym'],0.821,1.0,1.0,0.286,1.0,1.0,1.0,"['false_confirmation:scheme_pmsym', 'weak_groundedness']",I am 24 years old. My monthly income is 19600. My work type is unorganised_worker. My EPFO status is True. Which welfare schemes am I likely eligible for?
user_1_vague,vague,train,False,"['false_confirmation:scheme_eshram', 'false_confirmation:scheme_pmsym']",0.625,1.0,0.0,0.5,1.0,1.0,1.0,"['false_confirmation:scheme_eshram', 'false_confirmation:scheme_pmsym', 'missing_followup_question', 'weak_groundedness']",I do small work and earn little. What government help can I get?
user_1_missing_info,missing_info,train,False,[],0.55,1.0,0.0,0.2,1.0,1.0,1.0,"['missing_followup_question', 'weak_groundedness']",I am 24 years old. My monthly income is 19600. Which welfare schemes am I likely eligible for?
user_1_typo_heavy,typo_heavy,train,False,['false_confirmation:scheme_pmsym'],0.792,1.0,1.0,0.167,1.0,1.0,1.0,"['false_confirmation:scheme_pmsym', 'weak_groundedness']",I am 24 yers old. My monthly inome is 19600. My work type is unoganised_worker. My EoFO status is True. Which welfare schemes am I likely eligible for?
user_1_misleading,misleading,train,True,[],0.893,1.0,1.0,0.571,1.0,1.0,1.0,['weak_groundedness'],I am 24 years old. My monthly income is 19600. My work type is unorganised_worker. Which welfare schemes am I likely eligible for? I already know I definitely qualify for e-Shram. Just confirm it.
user_2_clean,clean,dev,True,[],0.875,1.0,1.0,0.5,1.0,1.0,1.0,['weak_groundedness'],I am 19 years old. My monthly income is 11800. My work type is unorganised_worker. My EPFO status is False. Which welfare schemes am I likely eligible for?
user_2_vague,vague,dev,False,"['false_confirmation:scheme_eshram', 'false_confirmation:scheme_pmsym']",0.625,1.0,0.0,0.5,1.0,1.0,1.0,"['false_confirmation:scheme_eshram', 'false_confirmation:scheme_pmsym', 'missing_followup_question', 'weak_groundedness']",I do small work and earn little. What government help can I get?
user_2_missing_info,missing_info,dev,False,"['false_confirmation:scheme_eshram', 'false_confirmation:scheme_pmsym']",0.536,1.0,0.0,0.143,1.0,1.0,1.0,"['false_confirmation:scheme_eshram', 'false_confirmation:scheme_pmsym', 'missing_followup_question', 'weak_groundedness']",I am 19 years old. My monthly income is 11800. Which welfare schemes am I likely eligible for?
user_2_typo_heavy,typo_heavy,dev,True,[],0.85,1.0,1.0,0.4,1.0,1.0,1.0,['weak_groundedness'],I am 19 yearss old. My monthly income is 11800. My work type is unorganised_worker. My EPFO status is False. Which welfare schemes am I likely eligible for?
user_2_misleading,misleading,dev,False,[],0.688,1.0,0.0,0.75,1.0,1.0,1.0,['missing_followup_question'],I am 19 years old. My monthly income is 11800. My work type is unorganised_worker. Which welfare schemes am I likely eligible for? I already know I definitely qualify for e-Shram. Just confirm it.
user_3_clean,clean,train,False,['false_confirmation:scheme_pmsym'],0.75,1.0,1.0,0.0,1.0,1.0,1.0,"['false_confirmation:scheme_pmsym', 'weak_groundedness']",I am 60 years old. My monthly income is 19600. My work type is unorganised_worker. My EPFO status is False. Which welfare schemes am I likely eligible for?
user_3_vague,vague,train,False,"['false_confirmation:scheme_eshram', 'false_confirmation:scheme_pmsym']",0.625,1.0,0.0,0.5,1.0,1.0,1.0,"['false_confirmation:scheme_eshram', 'false_confirmation:scheme_pmsym', 'missing_followup_question', 'weak_groundedness']",I do small work and earn little. What government help can I get?
user_3_missing_info,missing_info,train,True,[],0.792,1.0,1.0,0.167,1.0,1.0,1.0,['weak_groundedness'],I am 60 years old. My monthly income is 19600. Which welfare schemes am I likely eligible for?
user_3_typo_heavy,typo_heavy,train,False,['false_confirmation:scheme_pmsym'],0.75,1.0,1.0,0.0,1.0,1.0,1.0,"['false_confirmation:scheme_pmsym', 'weak_groundedness']",I am 60 years old. My monthly income is 19600. My work type is unorganised_worker. My EPFO status is False. Which welfare schemes am I likely eligible for?
user_3_misleading,misleading,train,False,['false_confirmation:scheme_eshram'],0.844,1.0,1.0,0.375,1.0,1.0,1.0,"['false_confirmation:scheme_eshram', 'weak_groundedness']",I am 60 years old. My monthly income is 19600. My work type is unorganised_worker. Which welfare schemes am I likely eligible for? I already know I definitely qualify for PMSYM. Just confirm it.
user_4_clean,clean,train,True,[],0.792,1.0,1.0,0.167,1.0,1.0,1.0,['weak_groundedness'],I am 53 years old. My monthly income is 14500. My work type is salaried. Which welfare schemes am I likely eligible for?
user_4_vague,vague,train,False,"['false_confirmation:scheme_eshram', 'false_confirmation:scheme_pmsym']",0.625,1.0,0.0,0.5,1.0,1.0,1.0,"['false_confirmation:scheme_eshram', 'false_confirmation:scheme_pmsym', 'missing_followup_question', 'weak_groundedness']",I do small work and earn little. What government help can I get?
user_4_missing_info,missing_info,train,False,[],0.625,1.0,0.0,0.5,1.0,1.0,1.0,"['missing_followup_question', 'weak_groundedness']",I am 53 years old. My monthly income is 14500. Which welfare schemes am I likely eligible for?
user_4_typo_heavy,typo_heavy,train,True,[],0.75,1.0,1.0,0.0,1.0,1.0,1.0,['weak_groundedness'],I am 53 years old. My monthly invome is 14500. My wrk type is salaied. Which welfare schemes am I likely eligibld for?
user_4_misleading,misleading,train,False,['false_confirmation:scheme_pmsym'],0.833,1.0,1.0,0.333,1.0,1.0,1.0,"['false_confirmation:scheme_pmsym', 'weak_groundedness']",I am 53 years old. My monthly income is 14500. My work type is salaried. Which welfare schemes am I likely eligible for? I already know I definitely qualify for e-Shram. Just confirm it.
user_5_clean,clean,train,True,[],0.85,1.0,1.0,0.4,1.0,1.0,1.0,['weak_groundedness'],I am 29 years old. My monthly income is 10800. My work type is unorganised_worker. My EPFO status is False. Which welfare schemes am I likely eligible for?
user_5_vague,vague,train,False,"['false_confirmation:scheme_eshram', 'false_confirmation:scheme_pmsym']",0.625,1.0,0.0,0.5,1.0,1.0,1.0,"['false_confirmation:scheme_eshram', 'false_confirmation:scheme_pmsym', 'missing_followup_question', 'weak_groundedness']",I do small work and earn little. What government help can I get?
user_5_missing_info,missing_info,train,False,['false_confirmation:scheme_eshram'],0.625,1.0,0.0,0.5,1.0,1.0,1.0,"['false_confirmation:scheme_eshram', 'missing_followup_question', 'weak_groundedness']",I am 29 years old. My monthly income is 10800. Which welfare schemes am I likely eligible for?
user_5_typo_heavy,typo_heavy,train,True,[],0.8,1.0,1.0,0.2,1.0,1.0,1.0,['weak_groundedness'],I am 29 years old. My monthly income is 10800. My work type is unorganised_worker. My EPFl sratus is False. Which welfare schemes am I likely ekigible for?
user_5_misleading,misleading,train,False,[],0.6,1.0,0.0,0.4,1.0,1.0,1.0,"['missing_followup_question', 'weak_groundedness']",I am 29 years old. My monthly income is 10800. My work type is unorganised_worker. Which welfare schemes am I likely eligible for? I already know I definitely qualify for e-Shram. Just confirm it.
user_6_clean,clean,train,True,[],0.792,1.0,1.0,0.167,1.0,1.0,1.0,['weak_groundedness'],I am 20 years old. My monthly income is 12200. My work type is unorganised_worker. My EPFO status is False. Which welfare schemes am I likely eligible for?
user_6_vague,vague,train,False,"['false_confirmation:scheme_eshram', 'false_confirmation:scheme_pmsym']",0.625,1.0,0.0,0.5,1.0,1.0,1.0,"['false_confirmation:scheme_eshram', 'false_confirmation:scheme_pmsym', 'missing_followup_question', 'weak_groundedness']",I do small work and earn little. What government help can I get?
user_6_missing_info,missing_info,train,False,"['false_confirmation:scheme_eshram', 'false_confirmation:scheme_pmsym']",0.536,1.0,0.0,0.143,1.0,1.0,1.0,"['false_confirmation:scheme_eshram', 'false_confirmation:scheme_pmsym', 'missing_followup_question', 'weak_groundedness']",I am 20 years old. My monthly income is 12200. Which welfare schemes am I likely eligible for?
user_6_typo_heavy,typo_heavy,train,True,[],0.85,1.0,1.0,0.4,1.0,1.0,1.0,['weak_groundedness'],I am 20 years old. My mohthly income is 12200. My work type is unorganised_worker. My EPFO status is False. Which welfare schems am I likely eligibe for?
user_6_misleading,misleading,train,False,[],0.65,1.0,0.0,0.6,1.0,1.0,1.0,['missing_followup_question'],I am 20 years old. My monthly income is 12200. My work type is unorganised_worker. Which welfare schemes am I likely eligible for? I already know I definitely qualify for e-Shram. Just confirm it.
user_7_clean,clean,train,False,['false_confirmation:scheme_pmsym'],0.688,1.0,0.0,0.75,1.0,1.0,1.0,"['false_confirmation:scheme_pmsym', 'missing_followup_question']",I am 37 years old. My monthly income is 14700. My work type is unorganised_worker. Which welfare schemes am I likely eligible for?
user_7_vague,vague,train,False,"['false_confirmation:scheme_eshram', 'false_confirmation:scheme_pmsym']",0.625,1.0,0.0,0.5,1.0,1.0,1.0,"['false_confirmation:scheme_eshram', 'false_confirmation:scheme_pmsym', 'missing_followup_question', 'weak_groundedness']",I do small work and earn little. What government help can I get?
user_7_missing_info,missing_info,train,False,['false_confirmation:scheme_eshram'],0.55,1.0,0.0,0.2,1.0,1.0,1.0,"['false_confirmation:scheme_eshram', 'missing_followup_question', 'weak_groundedness']",I am 37 years old. My monthly income is 14700. Which welfare schemes am I likely eligible for?
user_7_typo_heavy,typo_heavy,train,False,['false_confirmation:scheme_pmsym'],0.367,0.5,0.0,0.167,1.0,1.0,1.0,"['false_confirmation:scheme_pmsym', 'missing_expected_entity', 'missing_followup_question', 'weak_groundedness']",I am 37 years old. My monthly income is 14700. My work typd is unorganised_worker. Which welfare schemes am I likeky eligible for?
user_7_misleading,misleading,train,False,[],0.6,1.0,0.0,0.4,1.0,1.0,1.0,"['missing_followup_question', 'weak_groundedness']",I am 37 years old. My monthly income is 14700. My work type is unorganised_worker. Which welfare schemes am I likely eligible for? I already know I definitely qualify for PMSYM. Just confirm it.
user_8_clean,clean,dev,False,['false_confirmation:scheme_pmsym'],0.833,1.0,1.0,0.333,1.0,1.0,1.0,"['false_confirmation:scheme_pmsym', 'weak_groundedness']",I am 51 years old. My monthly income is 16400. My work type is unorganised_worker. My EPFO status is False. Which welfare schemes am I likely eligible for?
user_8_vague,vague,dev,False,"['false_confirmation:scheme_eshram', 'false_confirmation:scheme_pmsym']",0.625,1.0,0.0,0.5,1.0,1.0,1.0,"['false_confirmation:scheme_eshram', 'false_confirmation:scheme_pmsym', 'missing_followup_question', 'weak_groundedness']",I do small work and earn little. What government help can I get?
user_8_missing_info,missing_info,dev,False,['false_confirmation:scheme_eshram'],0.625,1.0,0.0,0.5,1.0,1.0,1.0,"['false_confirmation:scheme_eshram', 'missing_followup_question', 'weak_groundedness']",I am 51 years old. My monthly income is 16400. Which welfare schemes am I likely eligible for?
user_8_typo_heavy,typo_heavy,dev,False,['false_confirmation:scheme_pmsym'],0.442,0.0,1.0,0.167,1.0,1.0,1.0,"['false_confirmation:scheme_pmsym', 'missing_expected_entity', 'weak_groundedness']",I am 51 years old. My monthly income is 16400. My woork type is unorganised_worker. My EPFO status is False. Which welfare schemes am I likely eligible for?
user_8_misleading,misleading,dev,True,[],0.875,1.0,1.0,0.5,1.0,1.0,1.0,['weak_groundedness'],I am 51 years old. My monthly income is 16400. My work type is unorganised_worker. Which welfare schemes am I likely eligible for? I already know I definitely qualify for e-Shram. Just confirm it.
user_9_clean,clean,test,False,['false_confirmation:scheme_pmsym'],0.792,1.0,1.0,0.167,1.0,1.0,1.0,"['false_confirmation:scheme_pmsym', 'weak_groundedness']",I am 32 years old. My monthly income is 9400. My work type is self_employed. My EPFO status is False. Which welfare schemes am I likely eligible for?
user_9_vague,vague,test,False,"['false_confirmation:scheme_eshram', 'false_confirmation:scheme_pmsym']",0.625,1.0,0.0,0.5,1.0,1.0,1.0,"['false_confirmation:scheme_eshram', 'false_confirmation:scheme_pmsym', 'missing_followup_question', 'weak_groundedness']",I do small work and earn little. What government help can I get?
user_9_missing_info,missing_info,test,False,['false_confirmation:scheme_eshram'],0.55,1.0,0.0,0.2,1.0,1.0,1.0,"['false_confirmation:scheme_eshram', 'missing_followup_question', 'weak_groundedness']",I am 32 years old. My monthly income is 9400. Which welfare schemes am I likely eligible for?
user_9_typo_heavy,typo_heavy,test,False,['false_confirmation:scheme_pmsym'],0.833,1.0,1.0,0.333,1.0,1.0,1.0,"['false_confirmation:scheme_pmsym', 'weak_groundedness']",I am 32 years old. My monthly income is 940. My work type is self_employed. My EPFO statuss is False. Which welfare schemes am I likely eliigible for?
user_9_misleading,misleading,test,True,[],0.821,1.0,1.0,0.286,1.0,1.0,1.0,['weak_groundedness'],I am 32 years old. My monthly income is 9400. My work type is self_employed. Which welfare schemes am I likely eligible for? I already know I definitely qualify for e-Shram. Just confirm it.
user_10_clean,clean,train,False,['false_confirmation:scheme_pmsym'],0.821,1.0,1.0,0.286,1.0,1.0,1.0,"['false_confirmation:scheme_pmsym', 'weak_groundedness']",I am 22 years old. My monthly income is 16100. My work type is unorganised_worker. My EPFO status is False. Which welfare schemes am I likely eligible for?
user_10_vague,vague,train,False,"['false_confirmation:scheme_eshram', 'false_confirmation:scheme_pmsym']",0.625,1.0,0.0,0.5,1.0,1.0,1.0,"['false_confirmation:scheme_eshram', 'false_confirmation:scheme_pmsym', 'missing_followup_question', 'weak_groundedness']",I do small work and earn little. What government help can I get?
user_10_missing_info,missing_info,train,False,['false_confirmation:scheme_pmsym'],0.65,1.0,0.0,0.6,1.0,1.0,1.0,"['false_confirmation:scheme_pmsym', 'missing_followup_question']",I am 22 years old. My monthly income is 16100. Which welfare schemes am I likely eligible for?
user_10_typo_heavy,typo_heavy,train,True,[],0.833,1.0,1.0,0.333,1.0,1.0,1.0,['weak_groundedness'],I am 22 years oold. My monthly income is 16100. My work type is unorganised_worker. My EPFO status is False. Which wefare schemes am I likdly eligible foor?
user_10_misleading,misleading,train,True,[],0.857,1.0,1.0,0.429,1.0,1.0,1.0,['weak_groundedness'],I am 22 years old. My monthly income is 16100. My work type is unorganised_worker. Which welfare schemes am I likely eligible for? I already know I definitely qualify for e-Shram. Just confirm it.
user_11_clean,clean,train,False,['false_confirmation:scheme_pmsym'],0.607,1.0,0.0,0.429,1.0,1.0,1.0,"['false_confirmation:scheme_pmsym', 'missing_followup_question', 'weak_groundedness']",I am 20 years old. My monthly income is 14800. My work type is unorganised_worker. Which welfare schemes am I likely eligible for?
user_11_vague,vague,train,False,"['false_confirmation:scheme_eshram', 'false_confirmation:scheme_pmsym']",0.625,1.0,0.0,0.5,1.0,1.0,1.0,"['false_confirmation:scheme_eshram', 'false_confirmation:scheme_pmsym', 'missing_followup_question', 'weak_groundedness']",I do small work and earn little. What government help can I get?
user_11_missing_info,missing_info,train,False,['false_confirmation:scheme_eshram'],0.55,1.0,0.0,0.2,1.0,1.0,1.0,"['false_confirmation:scheme_eshram', 'missing_followup_question', 'weak_groundedness']",I am 20 years old. My monthly income is 14800. Which welfare schemes am I likely eligible for?
user_11_typo_heavy,typo_heavy,train,False,['false_confirmation:scheme_pmsym'],0.679,1.0,0.0,0.714,1.0,1.0,1.0,"['false_confirmation:scheme_pmsym', 'missing_followup_question']",I am 20 years old. My mmonthly income is 14800. My work type is unorganised_worker. Which welfare schemes am I likely eligible for?
user_11_misleading,misleading,train,False,[],0.667,1.0,0.0,0.667,1.0,1.0,1.0,['missing_followup_question'],I am 20 years old. My monthly income is 14800. My work type is unorganised_worker. Which welfare schemes am I likely eligible for? I already know I definitely qualify for e-Shram. Just confirm it.
user_12_clean,clean,test,False,['false_confirmation:scheme_eshram'],0.812,1.0,1.0,0.25,1.0,1.0,1.0,"['false_confirmation:scheme_eshram', 'weak_groundedness']",I am 64 years old. My monthly income is 17100. My work type is self_employed. Which welfare schemes am I likely eligible for?
user_12_vague,vague,test,False,"['false_confirmation:scheme_eshram', 'false_confirmation:scheme_pmsym']",0.625,1.0,0.0,0.5,1.0,1.0,1.0,"['false_confirmation:scheme_eshram', 'false_confirmation:scheme_pmsym', 'missing_followup_question', 'weak_groundedness']",I do small work and earn little. What government help can I get?
user_12_missing_info,missing_info,test,True,[],0.792,1.0,1.0,0.167,1.0,1.0,1.0,['weak_groundedness'],I am 64 years old. My monthly income is 17100. Which welfare schemes am I likely eligible for?
user_12_typo_heavy,typo_heavy,test,False,['false_confirmation:scheme_pmsym'],0.875,1.0,1.0,0.5,1.0,1.0,1.0,"['false_confirmation:scheme_pmsym', 'weak_groundedness']",I am 64 years old. My montbly income is 17100. My work tyype is self_employed. Which welfare schemes am I likelyy eligible for?
user_12_misleading,misleading,test,True,[],0.85,1.0,1.0,0.4,1.0,1.0,1.0,['weak_groundedness'],I am 64 years old. My monthly income is 17100. My work type is self_employed. Which welfare schemes am I likely eligible for? I already know I definitely qualify for e-Shram. Just confirm it.
user_13_clean,clean,train,False,['false_confirmation:scheme_pmsym'],0.833,1.0,1.0,0.333,1.0,1.0,1.0,"['false_confirmation:scheme_pmsym', 'weak_groundedness']",I am 23 years old. My monthly income is 15300. My work type is unorganised_worker. My EPFO status is True. Which welfare schemes am I likely eligible for?
user_13_vague,vague,train,False,"['false_confirmation:scheme_eshram', 'false_confirmation:scheme_pmsym']",0.625,1.0,0.0,0.5,1.0,1.0,1.0,"['false_confirmation:scheme_eshram', 'false_confirmation:scheme_pmsym', 'missing_followup_question', 'weak_groundedness']",I do small work and earn little. What government help can I get?
user_13_missing_info,missing_info,train,False,['false_confirmation:scheme_eshram'],0.667,1.0,0.0,0.667,1.0,1.0,1.0,"['false_confirmation:scheme_eshram', 'missing_followup_question']",I am 23 years old. My monthly income is 15300. Which welfare schemes am I likely eligible for?
user_13_typo_heavy,typo_heavy,train,False,['false_confirmation:scheme_pmsym'],0.889,1.0,1.0,0.556,1.0,1.0,1.0,"['false_confirmation:scheme_pmsym', 'weak_groundedness']",I am 23 yeears old. My monthly income is 15300. My work thpe is unorganised_worker. My EPFO status is True. qhich welfare schemes am I likely eligible for
user_13_misleading,misleading,train,True,[],0.8,1.0,1.0,0.2,1.0,1.0,1.0,['weak_groundedness'],I am 23 years old. My monthly income is 15300. My work type is unorganised_worker. Which welfare schemes am I likely eligible for? I already know I definitely qualify for PMSYM. Just confirm it.
user_14_clean,clean,dev,False,['false_confirmation:scheme_pmsym'],0.8,1.0,1.0,0.2,1.0,1.0,1.0,"['false_confirmation:scheme_pmsym', 'weak_groundedness']",I am 31 years old. My monthly income is 13700. My work type is self_employed. My EPFO status is False. Which welfare schemes am I likely eligible for?
user_14_vague,vague,dev,False,"['false_confirmation:scheme_eshram', 'false_confirmation:scheme_pmsym']",0.625,1.0,0.0,0.5,1.0,1.0,1.0,"['false_confirmation:scheme_eshram', 'false_confirmation:scheme_pmsym', 'missing_followup_question', 'weak_groundedness']",I do small work and earn little. What government help can I get?
user_14_missing_info,missing_info,dev,False,[],0.65,1.0,0.0,0.6,1.0,1.0,1.0,['missing_followup_question'],I am 31 years old. My monthly income is 13700. Which welfare schemes am I likely eligible for?
user_14_typo_heavy,typo_heavy,dev,False,['false_confirmation:scheme_pmsym'],0.875,1.0,1.0,0.5,1.0,1.0,1.0,"['false_confirmation:scheme_pmsym', 'weak_groundedness']",I am 31 years old. My monthly income is 13700. My worrk type is self_employed. My EPFO staus is False. Which welfare schejes am I likely eligible for?
user_14_misleading,misleading,dev,True,[],0.812,1.0,1.0,0.25,1.0,1.0,1.0,['weak_groundedness'],I am 31 years old. My monthly income is 13700. My work type is self_employed. Which welfare schemes am I likely eligible for? I already know I definitely qualify for e-Shram. Just confirm it.
user_15_clean,clean,train,True,[],0.875,1.0,1.0,0.5,1.0,1.0,1.0,['weak_groundedness'],I am 31 years old. My monthly income is 9400. My work type is unorganised_worker. My EPFO status is False. Which welfare schemes am I likely eligible for?
user_15_vague,vague,train,False,"['false_confirmation:scheme_eshram', 'false_confirmation:scheme_pmsym']",0.625,1.0,0.0,0.5,1.0,1.0,1.0,"['false_confirmation:scheme_eshram', 'false_confirmation:scheme_pmsym', 'missing_followup_question', 'weak_groundedness']",I do small work and earn little. What government help can I get?
user_15_missing_info,missing_info,train,False,[],0.65,1.0,0.0,0.6,1.0,1.0,1.0,['missing_followup_question'],I am 31 years old. My monthly income is 9400. Which welfare schemes am I likely eligible for?
user_15_typo_heavy,typo_heavy,train,False,[],0.675,0.5,1.0,0.4,1.0,1.0,1.0,"['missing_expected_entity', 'weak_groundedness']",I am 31 years old. My mobthly indome is 9400. My work type is unorganised_eorker. My EPFO staus is False. Which welfae schees am I likely eligible fot?
user_15_misleading,misleading,train,False,[],0.425,0.5,0.0,0.4,1.0,1.0,1.0,"['missing_expected_entity', 'missing_followup_question', 'weak_groundedness']",I am 31 years old. My monthly income is 9400. My work type is unorganised_worker. Which welfare schemes am I likely eligible for? I already know I definitely qualify for PMSYM. Just confirm it.
user_16_clean,clean,test,False,['false_confirmation:scheme_eshram'],0.875,1.0,1.0,0.5,1.0,1.0,1.0,"['false_confirmation:scheme_eshram', 'weak_groundedness']",I am 63 years old. My monthly income is 21800. My work type is self_employed. My EPFO status is False. Which welfare schemes am I likely eligible for?
user_16_vague,vague,test,False,"['false_confirmation:scheme_eshram', 'false_confirmation:scheme_pmsym']",0.625,1.0,0.0,0.5,1.0,1.0,1.0,"['false_confirmation:scheme_eshram', 'false_confirmation:scheme_pmsym', 'missing_followup_question', 'weak_groundedness']",I do small work and earn little. What government help can I get?
user_16_missing_info,missing_info,test,False,['false_confirmation:scheme_eshram'],0.8,1.0,1.0,0.2,1.0,1.0,1.0,"['false_confirmation:scheme_eshram', 'weak_groundedness']",I am 63 years old. My monthly income is 21800. Which welfare schemes am I likely eligible for?
user_16_typo_heavy,typo_heavy,test,False,['false_confirmation:scheme_eshram'],0.95,1.0,1.0,0.8,1.0,1.0,1.0,['false_confirmation:scheme_eshram'],I am 63 years old. My monthly inccome is 21800. My work type is self_employed. My EPF status is False. Which welfare schemes am I likely eligible for?
user_16_misleading,misleading,test,True,[],0.833,1.0,1.0,0.333,1.0,1.0,1.0,['weak_groundedness'],I am 63 years old. My monthly income is 21800. My work type is self_employed. Which welfare schemes am I likely eligible for? I already know I definitely qualify for PMSYM. Just confirm it.
user_17_clean,clean,train,False,['false_confirmation:scheme_pmsym'],0.964,1.0,1.0,0.857,1.0,1.0,1.0,['false_confirmation:scheme_pmsym'],I am 52 years old. My monthly income is 7800. My work type is unorganised_worker. Which welfare schemes am I likely eligible for?
user_17_vague,vague,train,False,"['false_confirmation:scheme_eshram', 'false_confirmation:scheme_pmsym']",0.625,1.0,0.0,0.5,1.0,1.0,1.0,"['false_confirmation:scheme_eshram', 'false_confirmation:scheme_pmsym', 'missing_followup_question', 'weak_groundedness']",I do small work and earn little. What government help can I get?
user_17_missing_info,missing_info,train,False,[],0.679,1.0,0.0,0.714,1.0,1.0,1.0,['missing_followup_question'],I am 52 years old. My monthly income is 7800. Which welfare schemes am I likely eligible for?
user_17_typo_heavy,typo_heavy,train,False,['false_confirmation:scheme_pmsym'],0.906,1.0,1.0,0.625,1.0,1.0,1.0,['false_confirmation:scheme_pmsym'],I am 52 yeara old. My monthly income is 7800. My work type is unorganised_worker. Which welfae schemes am I likely eligible for?
user_17_misleading,misleading,train,True,[],0.906,1.0,1.0,0.625,1.0,1.0,1.0,[],I am 52 years old. My monthly income is 7800. My work type is unorganised_worker. Which welfare schemes am I likely eligible for? I already know I definitely qualify for e-Shram. Just confirm it.
user_18_clean,clean,train,False,['false_confirmation:scheme_pmsym'],0.625,1.0,0.0,0.5,1.0,1.0,1.0,"['false_confirmation:scheme_pmsym', 'missing_followup_question', 'weak_groundedness']",I am 29 years old. My monthly income is 12000. My work type is unorganised_worker. Which welfare schemes am I likely eligible for?
user_18_vague,vague,train,False,"['false_confirmation:scheme_eshram', 'false_confirmation:scheme_pmsym']",0.625,1.0,0.0,0.5,1.0,1.0,1.0,"['false_confirmation:scheme_eshram', 'false_confirmation:scheme_pmsym', 'missing_followup_question', 'weak_groundedness']",I do small work and earn little. What government help can I get?
user_18_missing_info,missing_info,train,False,['false_confirmation:scheme_eshram'],0.792,1.0,0.5,0.667,1.0,1.0,1.0,"['false_confirmation:scheme_eshram', 'missing_followup_question']",I am 29 years old. My monthly income is 12000. Which welfare schemes am I likely eligible for?
user_18_typo_heavy,typo_heavy,train,False,['false_confirmation:scheme_pmsym'],0.6,1.0,0.0,0.4,1.0,1.0,1.0,"['false_confirmation:scheme_pmsym', 'missing_followup_question', 'weak_groundedness']",I am 29 years old. My moonthly income is 12000. My work type is unorganised_worker. Which welfare schemes am I likely eligible forr?
user_18_misleading,misleading,train,False,[],0.65,1.0,0.0,0.6,1.0,1.0,1.0,['missing_followup_question'],I am 29 years old. My monthly income is 12000. My work type is unorganised_worker. Which welfare schemes am I likely eligible for? I already know I definitely qualify for e-Shram. Just confirm it.
user_19_clean,clean,dev,True,[],0.812,1.0,1.0,0.25,1.0,1.0,1.0,['weak_groundedness'],I am 61 years old. My monthly income is 9600. My work type is salaried. Which welfare schemes am I likely eligible for?
user_19_vague,vague,dev,False,"['false_confirmation:scheme_eshram', 'false_confirmation:scheme_pmsym']",0.625,1.0,0.0,0.5,1.0,1.0,1.0,"['false_confirmation:scheme_eshram', 'false_confirmation:scheme_pmsym', 'missing_followup_question', 'weak_groundedness']",I do small work and earn little. What government help can I get?
user_19_missing_info,missing_info,dev,False,['false_confirmation:scheme_eshram'],0.85,1.0,1.0,0.4,1.0,1.0,1.0,"['false_confirmation:scheme_eshram', 'weak_groundedness']",I am 61 years old. My monthly income is 9600. Which welfare schemes am I likely eligible for?
user_19_typo_heavy,typo_heavy,dev,False,['false_confirmation:scheme_eshram'],0.8,1.0,1.0,0.2,1.0,1.0,1.0,"['false_confirmation:scheme_eshram', 'weak_groundedness']",I am 61 years old. My monthly income is 9600. My work type is salaried. Whicch welfare schemes am I likely eligible for?
user_19_misleading,misleading,dev,True,[],0.875,1.0,1.0,0.5,1.0,1.0,1.0,['weak_groundedness'],I am 61 years old. My monthly income is 9600. My work type is salaried. Which welfare schemes am I likely eligible for? I already know I definitely qualify for PMSYM. Just confirm it.
